<?xml version="1.0" encoding="UTF-8"?>
<project-private xmlns="http://www.netbeans.org/ns/project-private/1">
    <editor-bookmarks xmlns="http://www.netbeans.org/ns/editor-bookmarks/2" lastBookmarkId="0"/>
    <open-files xmlns="http://www.netbeans.org/ns/projectui-open-files/2">
        <group>
            <file>file:/C:/Users/Daniel/Documents/GitHub/PP1---POO/Proyecto1-Bingo/src/proyecto1/bingo/verCarton.java</file>
            <file>file:/C:/Users/Daniel/Documents/GitHub/PP1---POO/Proyecto1-Bingo/src/proyecto1/logicadenegocios/Carton.java</file>
            <file>file:/C:/Users/Daniel/Documents/GitHub/PP1---POO/Proyecto1-Bingo/src/proyecto1/logicadenegocios/Main.java</file>
            <file>file:/C:/Users/Daniel/Documents/GitHub/PP1---POO/Proyecto1-Bingo/src/proyecto1/dao/daoPartida.java</file>
            <file>file:/C:/Users/Daniel/Documents/GitHub/PP1---POO/Proyecto1-Bingo/src/proyecto1/logicadenegocios/CuentaCorreo.java</file>
            <file>file:/C:/Users/Daniel/Documents/GitHub/PP1---POO/Proyecto1-Bingo/src/proyecto1/dao/daoJugador.java</file>
            <file>file:/C:/Users/Daniel/Documents/GitHub/PP1---POO/Proyecto1-Bingo/src/proyecto1/bingo/index.java</file>
            <file>file:/C:/Users/Daniel/Documents/GitHub/PP1---POO/Proyecto1-Bingo/src/proyecto1/bingo/IniciarJuegoJFrame.java</file>
            <file>file:/C:/Users/Daniel/Documents/GitHub/PP1---POO/Proyecto1-Bingo/src/proyecto1/bingo/JuegoEnCursoJFrame.java</file>
            <file>file:/C:/Users/Daniel/Documents/GitHub/PP1---POO/Proyecto1-Bingo/src/proyecto1/bingo/registrarJugador.java</file>
            <file>file:/C:/Users/Daniel/Documents/GitHub/PP1---POO/Proyecto1-Bingo/src/proyecto1/bingo/GenerarCartones.java</file>
            <file>file:/C:/Users/Daniel/Documents/GitHub/PP1---POO/Proyecto1-Bingo/src/proyecto1/bingo/enviarCartones.java</file>
            <file>file:/C:/Users/Daniel/Documents/GitHub/PP1---POO/Proyecto1-Bingo/src/proyecto1/logicadenegocios/Juego.java</file>
        </group>
    </open-files>
</project-private>
